,finalBalance,totalTrades,drawDown,startingBalance,configs,parametres
3,187.5822355420163,887,41.82,242.0,"['DEFAULT', 'params', 'CONFIGS', 'STRATEGIE', 'FICHIER.HISTORIQUE']","{'params': {'tpmultiplicator': 0.75, 'slmultiplicator': 0.25, 'trixlength': 8.0, 'trixsignal': 22.0, 'rsi_windows': 14.0, 'bb_windows_bull': 45.0, 'bb_windows_dev_bull': 1.2, 'bb_windows_bear': 44.0, 'bb_windows_dev_bear': 2.0, 'parametrepvo_bear': 8.0, 'parametrepvo_bull': 10.0, 'parametreperf_bull': 30.0, 'parametreperf_bear': 15.0, 'parametrepvo2': -18.0, 'parametreadxv_bull': -0.5, 'parametreadxv_bear': -0.5, 'parametretrix_histo_bull': 0.0, 'parametretrix_histo_bear': 0.0, 'parametrestoch_rsi_bull': 0.85, 'parametrestoch_rsi_bear': 0.87, 'parametrestoch_rsi2_bull': 0.22, 'parametrestoch_rsi2_bear': 0.23, 'parametretrix_histo2_bull': 0.0, 'parametretrix_histo2_bear': 0.02}}"
6,184.38598581114823,614,44.79,242.0,"['DEFAULT', 'params', 'CONFIGS', 'STRATEGIE', 'FICHIER.HISTORIQUE']","{'params': {'tpmultiplicator': 1.5, 'slmultiplicator': 0.25, 'trixlength': 8.0, 'trixsignal': 22.0, 'rsi_windows': 14.0, 'bb_windows_bull': 45.0, 'bb_windows_dev_bull': 1.2, 'bb_windows_bear': 44.0, 'bb_windows_dev_bear': 2.0, 'parametrepvo_bear': 8.0, 'parametrepvo_bull': 10.0, 'parametreperf_bull': 30.0, 'parametreperf_bear': 15.0, 'parametrepvo2': -18.0, 'parametreadxv_bull': -0.5, 'parametreadxv_bear': -0.5, 'parametretrix_histo_bull': 0.0, 'parametretrix_histo_bear': 0.0, 'parametrestoch_rsi_bull': 0.85, 'parametrestoch_rsi_bear': 0.87, 'parametrestoch_rsi2_bull': 0.22, 'parametrestoch_rsi2_bear': 0.23, 'parametretrix_histo2_bull': 0.0, 'parametretrix_histo2_bear': 0.02}}"
4,173.30002229417286,741,45.44,242.0,"['DEFAULT', 'params', 'CONFIGS', 'STRATEGIE', 'FICHIER.HISTORIQUE']","{'params': {'tpmultiplicator': 1.0, 'slmultiplicator': 0.25, 'trixlength': 8.0, 'trixsignal': 22.0, 'rsi_windows': 14.0, 'bb_windows_bull': 45.0, 'bb_windows_dev_bull': 1.2, 'bb_windows_bear': 44.0, 'bb_windows_dev_bear': 2.0, 'parametrepvo_bear': 8.0, 'parametrepvo_bull': 10.0, 'parametreperf_bull': 30.0, 'parametreperf_bear': 15.0, 'parametrepvo2': -18.0, 'parametreadxv_bull': -0.5, 'parametreadxv_bear': -0.5, 'parametretrix_histo_bull': 0.0, 'parametretrix_histo_bear': 0.0, 'parametrestoch_rsi_bull': 0.85, 'parametrestoch_rsi_bear': 0.87, 'parametrestoch_rsi2_bull': 0.22, 'parametrestoch_rsi2_bear': 0.23, 'parametretrix_histo2_bull': 0.0, 'parametretrix_histo2_bear': 0.02}}"
5,165.04462386308415,672,47.57,242.0,"['DEFAULT', 'params', 'CONFIGS', 'STRATEGIE', 'FICHIER.HISTORIQUE']","{'params': {'tpmultiplicator': 1.25, 'slmultiplicator': 0.25, 'trixlength': 8.0, 'trixsignal': 22.0, 'rsi_windows': 14.0, 'bb_windows_bull': 45.0, 'bb_windows_dev_bull': 1.2, 'bb_windows_bear': 44.0, 'bb_windows_dev_bear': 2.0, 'parametrepvo_bear': 8.0, 'parametrepvo_bull': 10.0, 'parametreperf_bull': 30.0, 'parametreperf_bear': 15.0, 'parametrepvo2': -18.0, 'parametreadxv_bull': -0.5, 'parametreadxv_bear': -0.5, 'parametretrix_histo_bull': 0.0, 'parametretrix_histo_bear': 0.0, 'parametrestoch_rsi_bull': 0.85, 'parametrestoch_rsi_bear': 0.87, 'parametrestoch_rsi2_bull': 0.22, 'parametrestoch_rsi2_bear': 0.23, 'parametretrix_histo2_bull': 0.0, 'parametretrix_histo2_bear': 0.02}}"
21,154.1786535816627,918,42.49,242.0,"['DEFAULT', 'params', 'CONFIGS', 'STRATEGIE', 'FICHIER.HISTORIQUE']","{'params': {'tpmultiplicator': 0.9999999999999999, 'slmultiplicator': 0.1, 'trixlength': 6.0, 'trixsignal': 14.0, 'rsi_windows': 10.0, 'bb_windows_bull': 45.0, 'bb_windows_dev_bull': 1.2, 'bb_windows_bear': 44.0, 'bb_windows_dev_bear': 2.0, 'parametrepvo_bear': 8.0, 'parametrepvo_bull': 10.0, 'parametreperf_bull': 30.0, 'parametreperf_bear': 15.0, 'parametrepvo2': -18.0, 'parametreadxv_bull': -0.5, 'parametreadxv_bear': -0.5, 'parametretrix_histo_bull': 0.0, 'parametretrix_histo_bear': 0.0, 'parametrestoch_rsi_bull': 0.85, 'parametrestoch_rsi_bear': 0.87, 'parametrestoch_rsi2_bull': 0.22, 'parametrestoch_rsi2_bear': 0.23, 'parametretrix_histo2_bull': 0.0, 'parametretrix_histo2_bear': 0.02}}"
18,151.60740306980313,1092,41.81,242.0,"['DEFAULT', 'params', 'CONFIGS', 'STRATEGIE', 'FICHIER.HISTORIQUE']","{'params': {'tpmultiplicator': 0.7, 'slmultiplicator': 0.1, 'trixlength': 6.0, 'trixsignal': 14.0, 'rsi_windows': 10.0, 'bb_windows_bull': 45.0, 'bb_windows_dev_bull': 1.2, 'bb_windows_bear': 44.0, 'bb_windows_dev_bear': 2.0, 'parametrepvo_bear': 8.0, 'parametrepvo_bull': 10.0, 'parametreperf_bull': 30.0, 'parametreperf_bear': 15.0, 'parametrepvo2': -18.0, 'parametreadxv_bull': -0.5, 'parametreadxv_bear': -0.5, 'parametretrix_histo_bull': 0.0, 'parametretrix_histo_bear': 0.0, 'parametrestoch_rsi_bull': 0.85, 'parametrestoch_rsi_bear': 0.87, 'parametrestoch_rsi2_bull': 0.22, 'parametrestoch_rsi2_bear': 0.23, 'parametretrix_histo2_bull': 0.0, 'parametretrix_histo2_bear': 0.02}}"
22,147.24265818490932,862,43.1,242.0,"['DEFAULT', 'params', 'CONFIGS', 'STRATEGIE', 'FICHIER.HISTORIQUE']","{'params': {'tpmultiplicator': 1.0999999999999999, 'slmultiplicator': 0.1, 'trixlength': 6.0, 'trixsignal': 14.0, 'rsi_windows': 10.0, 'bb_windows_bull': 45.0, 'bb_windows_dev_bull': 1.2, 'bb_windows_bear': 44.0, 'bb_windows_dev_bear': 2.0, 'parametrepvo_bear': 8.0, 'parametrepvo_bull': 10.0, 'parametreperf_bull': 30.0, 'parametreperf_bear': 15.0, 'parametrepvo2': -18.0, 'parametreadxv_bull': -0.5, 'parametreadxv_bear': -0.5, 'parametretrix_histo_bull': 0.0, 'parametretrix_histo_bear': 0.0, 'parametrestoch_rsi_bull': 0.85, 'parametrestoch_rsi_bear': 0.87, 'parametrestoch_rsi2_bull': 0.22, 'parametrestoch_rsi2_bear': 0.23, 'parametretrix_histo2_bull': 0.0, 'parametretrix_histo2_bear': 0.02}}"
2,145.00612649362466,1096,51.75,242.0,"['DEFAULT', 'params', 'CONFIGS', 'STRATEGIE', 'FICHIER.HISTORIQUE']","{'params': {'tpmultiplicator': 0.5, 'slmultiplicator': 0.25, 'trixlength': 8.0, 'trixsignal': 22.0, 'rsi_windows': 14.0, 'bb_windows_bull': 45.0, 'bb_windows_dev_bull': 1.2, 'bb_windows_bear': 44.0, 'bb_windows_dev_bear': 2.0, 'parametrepvo_bear': 8.0, 'parametrepvo_bull': 10.0, 'parametreperf_bull': 30.0, 'parametreperf_bear': 15.0, 'parametrepvo2': -18.0, 'parametreadxv_bull': -0.5, 'parametreadxv_bear': -0.5, 'parametretrix_histo_bull': 0.0, 'parametretrix_histo_bear': 0.0, 'parametrestoch_rsi_bull': 0.85, 'parametrestoch_rsi_bear': 0.87, 'parametrestoch_rsi2_bull': 0.22, 'parametrestoch_rsi2_bear': 0.23, 'parametretrix_histo2_bull': 0.0, 'parametretrix_histo2_bear': 0.02}}"
17,138.5295273822278,1166,45.89,242.0,"['DEFAULT', 'params', 'CONFIGS', 'STRATEGIE', 'FICHIER.HISTORIQUE']","{'params': {'tpmultiplicator': 0.6, 'slmultiplicator': 0.1, 'trixlength': 6.0, 'trixsignal': 14.0, 'rsi_windows': 10.0, 'bb_windows_bull': 45.0, 'bb_windows_dev_bull': 1.2, 'bb_windows_bear': 44.0, 'bb_windows_dev_bear': 2.0, 'parametrepvo_bear': 8.0, 'parametrepvo_bull': 10.0, 'parametreperf_bull': 30.0, 'parametreperf_bear': 15.0, 'parametrepvo2': -18.0, 'parametreadxv_bull': -0.5, 'parametreadxv_bear': -0.5, 'parametretrix_histo_bull': 0.0, 'parametretrix_histo_bear': 0.0, 'parametrestoch_rsi_bull': 0.85, 'parametrestoch_rsi_bear': 0.87, 'parametrestoch_rsi2_bull': 0.22, 'parametrestoch_rsi2_bear': 0.23, 'parametretrix_histo2_bull': 0.0, 'parametretrix_histo2_bear': 0.02}}"
19,138.40898708566783,1015,45.64,242.0,"['DEFAULT', 'params', 'CONFIGS', 'STRATEGIE', 'FICHIER.HISTORIQUE']","{'params': {'tpmultiplicator': 0.7999999999999999, 'slmultiplicator': 0.1, 'trixlength': 6.0, 'trixsignal': 14.0, 'rsi_windows': 10.0, 'bb_windows_bull': 45.0, 'bb_windows_dev_bull': 1.2, 'bb_windows_bear': 44.0, 'bb_windows_dev_bear': 2.0, 'parametrepvo_bear': 8.0, 'parametrepvo_bull': 10.0, 'parametreperf_bull': 30.0, 'parametreperf_bear': 15.0, 'parametrepvo2': -18.0, 'parametreadxv_bull': -0.5, 'parametreadxv_bear': -0.5, 'parametretrix_histo_bull': 0.0, 'parametretrix_histo_bear': 0.0, 'parametrestoch_rsi_bull': 0.85, 'parametrestoch_rsi_bear': 0.87, 'parametrestoch_rsi2_bull': 0.22, 'parametrestoch_rsi2_bear': 0.23, 'parametretrix_histo2_bull': 0.0, 'parametretrix_histo2_bear': 0.02}}"
20,138.396111050955,949,46.05,242.0,"['DEFAULT', 'params', 'CONFIGS', 'STRATEGIE', 'FICHIER.HISTORIQUE']","{'params': {'tpmultiplicator': 0.8999999999999999, 'slmultiplicator': 0.1, 'trixlength': 6.0, 'trixsignal': 14.0, 'rsi_windows': 10.0, 'bb_windows_bull': 45.0, 'bb_windows_dev_bull': 1.2, 'bb_windows_bear': 44.0, 'bb_windows_dev_bear': 2.0, 'parametrepvo_bear': 8.0, 'parametrepvo_bull': 10.0, 'parametreperf_bull': 30.0, 'parametreperf_bear': 15.0, 'parametrepvo2': -18.0, 'parametreadxv_bull': -0.5, 'parametreadxv_bear': -0.5, 'parametretrix_histo_bull': 0.0, 'parametretrix_histo_bear': 0.0, 'parametrestoch_rsi_bull': 0.85, 'parametrestoch_rsi_bear': 0.87, 'parametrestoch_rsi2_bull': 0.22, 'parametrestoch_rsi2_bear': 0.23, 'parametretrix_histo2_bull': 0.0, 'parametretrix_histo2_bear': 0.02}}"
25,136.93273793685947,772,49.33,242.0,"['DEFAULT', 'params', 'CONFIGS', 'STRATEGIE', 'FICHIER.HISTORIQUE']","{'params': {'tpmultiplicator': 1.4000000000000001, 'slmultiplicator': 0.1, 'trixlength': 6.0, 'trixsignal': 14.0, 'rsi_windows': 10.0, 'bb_windows_bull': 45.0, 'bb_windows_dev_bull': 1.2, 'bb_windows_bear': 44.0, 'bb_windows_dev_bear': 2.0, 'parametrepvo_bear': 8.0, 'parametrepvo_bull': 10.0, 'parametreperf_bull': 30.0, 'parametreperf_bear': 15.0, 'parametrepvo2': -18.0, 'parametreadxv_bull': -0.5, 'parametreadxv_bear': -0.5, 'parametretrix_histo_bull': 0.0, 'parametretrix_histo_bear': 0.0, 'parametrestoch_rsi_bull': 0.85, 'parametrestoch_rsi_bear': 0.87, 'parametrestoch_rsi2_bull': 0.22, 'parametrestoch_rsi2_bear': 0.23, 'parametretrix_histo2_bull': 0.0, 'parametretrix_histo2_bear': 0.02}}"
24,135.32793174488668,789,50.31,242.0,"['DEFAULT', 'params', 'CONFIGS', 'STRATEGIE', 'FICHIER.HISTORIQUE']","{'params': {'tpmultiplicator': 1.3, 'slmultiplicator': 0.1, 'trixlength': 6.0, 'trixsignal': 14.0, 'rsi_windows': 10.0, 'bb_windows_bull': 45.0, 'bb_windows_dev_bull': 1.2, 'bb_windows_bear': 44.0, 'bb_windows_dev_bear': 2.0, 'parametrepvo_bear': 8.0, 'parametrepvo_bull': 10.0, 'parametreperf_bull': 30.0, 'parametreperf_bear': 15.0, 'parametrepvo2': -18.0, 'parametreadxv_bull': -0.5, 'parametreadxv_bear': -0.5, 'parametretrix_histo_bull': 0.0, 'parametretrix_histo_bear': 0.0, 'parametrestoch_rsi_bull': 0.85, 'parametrestoch_rsi_bear': 0.87, 'parametrestoch_rsi2_bull': 0.22, 'parametrestoch_rsi2_bear': 0.23, 'parametretrix_histo2_bull': 0.0, 'parametretrix_histo2_bear': 0.02}}"
30,132.63786363851884,700,48.82,242.0,"['DEFAULT', 'params', 'CONFIGS', 'STRATEGIE', 'FICHIER.HISTORIQUE']","{'params': {'tpmultiplicator': 1.9000000000000006, 'slmultiplicator': 0.1, 'trixlength': 6.0, 'trixsignal': 14.0, 'rsi_windows': 10.0, 'bb_windows_bull': 45.0, 'bb_windows_dev_bull': 1.2, 'bb_windows_bear': 44.0, 'bb_windows_dev_bear': 2.0, 'parametrepvo_bear': 8.0, 'parametrepvo_bull': 10.0, 'parametreperf_bull': 30.0, 'parametreperf_bear': 15.0, 'parametrepvo2': -18.0, 'parametreadxv_bull': -0.5, 'parametreadxv_bear': -0.5, 'parametretrix_histo_bull': 0.0, 'parametretrix_histo_bear': 0.0, 'parametrestoch_rsi_bull': 0.85, 'parametrestoch_rsi_bear': 0.87, 'parametrestoch_rsi2_bull': 0.22, 'parametrestoch_rsi2_bear': 0.23, 'parametretrix_histo2_bull': 0.0, 'parametretrix_histo2_bear': 0.02}}"
23,132.2815424021702,819,50.95,242.0,"['DEFAULT', 'params', 'CONFIGS', 'STRATEGIE', 'FICHIER.HISTORIQUE']","{'params': {'tpmultiplicator': 1.2, 'slmultiplicator': 0.1, 'trixlength': 6.0, 'trixsignal': 14.0, 'rsi_windows': 10.0, 'bb_windows_bull': 45.0, 'bb_windows_dev_bull': 1.2, 'bb_windows_bear': 44.0, 'bb_windows_dev_bear': 2.0, 'parametrepvo_bear': 8.0, 'parametrepvo_bull': 10.0, 'parametreperf_bull': 30.0, 'parametreperf_bear': 15.0, 'parametrepvo2': -18.0, 'parametreadxv_bull': -0.5, 'parametreadxv_bear': -0.5, 'parametretrix_histo_bull': 0.0, 'parametretrix_histo_bear': 0.0, 'parametrestoch_rsi_bull': 0.85, 'parametrestoch_rsi_bear': 0.87, 'parametrestoch_rsi2_bull': 0.22, 'parametrestoch_rsi2_bear': 0.23, 'parametretrix_histo2_bull': 0.0, 'parametretrix_histo2_bear': 0.02}}"
31,130.96472525029648,692,51.32,242.0,"['DEFAULT', 'params', 'CONFIGS', 'STRATEGIE', 'FICHIER.HISTORIQUE']","{'params': {'tpmultiplicator': 2.0000000000000004, 'slmultiplicator': 0.1, 'trixlength': 6.0, 'trixsignal': 14.0, 'rsi_windows': 10.0, 'bb_windows_bull': 45.0, 'bb_windows_dev_bull': 1.2, 'bb_windows_bear': 44.0, 'bb_windows_dev_bear': 2.0, 'parametrepvo_bear': 8.0, 'parametrepvo_bull': 10.0, 'parametreperf_bull': 30.0, 'parametreperf_bear': 15.0, 'parametrepvo2': -18.0, 'parametreadxv_bull': -0.5, 'parametreadxv_bear': -0.5, 'parametretrix_histo_bull': 0.0, 'parametretrix_histo_bear': 0.0, 'parametrestoch_rsi_bull': 0.85, 'parametrestoch_rsi_bear': 0.87, 'parametrestoch_rsi2_bull': 0.22, 'parametrestoch_rsi2_bear': 0.23, 'parametretrix_histo2_bull': 0.0, 'parametretrix_histo2_bear': 0.02}}"
32,128.0820254449941,683,51.59,242.0,"['DEFAULT', 'params', 'CONFIGS', 'STRATEGIE', 'FICHIER.HISTORIQUE']","{'params': {'tpmultiplicator': 2.1000000000000005, 'slmultiplicator': 0.1, 'trixlength': 6.0, 'trixsignal': 14.0, 'rsi_windows': 10.0, 'bb_windows_bull': 45.0, 'bb_windows_dev_bull': 1.2, 'bb_windows_bear': 44.0, 'bb_windows_dev_bear': 2.0, 'parametrepvo_bear': 8.0, 'parametrepvo_bull': 10.0, 'parametreperf_bull': 30.0, 'parametreperf_bear': 15.0, 'parametrepvo2': -18.0, 'parametreadxv_bull': -0.5, 'parametreadxv_bear': -0.5, 'parametretrix_histo_bull': 0.0, 'parametretrix_histo_bear': 0.0, 'parametrestoch_rsi_bull': 0.85, 'parametrestoch_rsi_bear': 0.87, 'parametrestoch_rsi2_bull': 0.22, 'parametrestoch_rsi2_bear': 0.23, 'parametretrix_histo2_bull': 0.0, 'parametretrix_histo2_bear': 0.02}}"
39,126.12369432687456,631,55.25,242.0,"['DEFAULT', 'params', 'CONFIGS', 'STRATEGIE', 'FICHIER.HISTORIQUE']","{'params': {'tpmultiplicator': 2.800000000000001, 'slmultiplicator': 0.1, 'trixlength': 6.0, 'trixsignal': 14.0, 'rsi_windows': 10.0, 'bb_windows_bull': 45.0, 'bb_windows_dev_bull': 1.2, 'bb_windows_bear': 44.0, 'bb_windows_dev_bear': 2.0, 'parametrepvo_bear': 8.0, 'parametrepvo_bull': 10.0, 'parametreperf_bull': 30.0, 'parametreperf_bear': 15.0, 'parametrepvo2': -18.0, 'parametreadxv_bull': -0.5, 'parametreadxv_bear': -0.5, 'parametretrix_histo_bull': 0.0, 'parametretrix_histo_bear': 0.0, 'parametrestoch_rsi_bull': 0.85, 'parametrestoch_rsi_bear': 0.87, 'parametrestoch_rsi2_bull': 0.22, 'parametrestoch_rsi2_bear': 0.23, 'parametretrix_histo2_bull': 0.0, 'parametretrix_histo2_bear': 0.02}}"
29,125.7864730760722,714,49.9,242.0,"['DEFAULT', 'params', 'CONFIGS', 'STRATEGIE', 'FICHIER.HISTORIQUE']","{'params': {'tpmultiplicator': 1.8000000000000005, 'slmultiplicator': 0.1, 'trixlength': 6.0, 'trixsignal': 14.0, 'rsi_windows': 10.0, 'bb_windows_bull': 45.0, 'bb_windows_dev_bull': 1.2, 'bb_windows_bear': 44.0, 'bb_windows_dev_bear': 2.0, 'parametrepvo_bear': 8.0, 'parametrepvo_bull': 10.0, 'parametreperf_bull': 30.0, 'parametreperf_bear': 15.0, 'parametrepvo2': -18.0, 'parametreadxv_bull': -0.5, 'parametreadxv_bear': -0.5, 'parametretrix_histo_bull': 0.0, 'parametretrix_histo_bear': 0.0, 'parametrestoch_rsi_bull': 0.85, 'parametrestoch_rsi_bear': 0.87, 'parametrestoch_rsi2_bull': 0.22, 'parametrestoch_rsi2_bear': 0.23, 'parametretrix_histo2_bull': 0.0, 'parametretrix_histo2_bear': 0.02}}"
37,124.28501121168276,640,54.53,242.0,"['DEFAULT', 'params', 'CONFIGS', 'STRATEGIE', 'FICHIER.HISTORIQUE']","{'params': {'tpmultiplicator': 2.600000000000001, 'slmultiplicator': 0.1, 'trixlength': 6.0, 'trixsignal': 14.0, 'rsi_windows': 10.0, 'bb_windows_bull': 45.0, 'bb_windows_dev_bull': 1.2, 'bb_windows_bear': 44.0, 'bb_windows_dev_bear': 2.0, 'parametrepvo_bear': 8.0, 'parametrepvo_bull': 10.0, 'parametreperf_bull': 30.0, 'parametreperf_bear': 15.0, 'parametrepvo2': -18.0, 'parametreadxv_bull': -0.5, 'parametreadxv_bear': -0.5, 'parametretrix_histo_bull': 0.0, 'parametretrix_histo_bear': 0.0, 'parametrestoch_rsi_bull': 0.85, 'parametrestoch_rsi_bear': 0.87, 'parametrestoch_rsi2_bull': 0.22, 'parametrestoch_rsi2_bear': 0.23, 'parametretrix_histo2_bull': 0.0, 'parametretrix_histo2_bear': 0.02}}"
38,123.32175893979499,632,55.71,242.0,"['DEFAULT', 'params', 'CONFIGS', 'STRATEGIE', 'FICHIER.HISTORIQUE']","{'params': {'tpmultiplicator': 2.700000000000001, 'slmultiplicator': 0.1, 'trixlength': 6.0, 'trixsignal': 14.0, 'rsi_windows': 10.0, 'bb_windows_bull': 45.0, 'bb_windows_dev_bull': 1.2, 'bb_windows_bear': 44.0, 'bb_windows_dev_bear': 2.0, 'parametrepvo_bear': 8.0, 'parametrepvo_bull': 10.0, 'parametreperf_bull': 30.0, 'parametreperf_bear': 15.0, 'parametrepvo2': -18.0, 'parametreadxv_bull': -0.5, 'parametreadxv_bear': -0.5, 'parametretrix_histo_bull': 0.0, 'parametretrix_histo_bear': 0.0, 'parametrestoch_rsi_bull': 0.85, 'parametrestoch_rsi_bear': 0.87, 'parametrestoch_rsi2_bull': 0.22, 'parametrestoch_rsi2_bear': 0.23, 'parametretrix_histo2_bull': 0.0, 'parametretrix_histo2_bear': 0.02}}"
28,123.28017488046385,724,50.77,242.0,"['DEFAULT', 'params', 'CONFIGS', 'STRATEGIE', 'FICHIER.HISTORIQUE']","{'params': {'tpmultiplicator': 1.7000000000000004, 'slmultiplicator': 0.1, 'trixlength': 6.0, 'trixsignal': 14.0, 'rsi_windows': 10.0, 'bb_windows_bull': 45.0, 'bb_windows_dev_bull': 1.2, 'bb_windows_bear': 44.0, 'bb_windows_dev_bear': 2.0, 'parametrepvo_bear': 8.0, 'parametrepvo_bull': 10.0, 'parametreperf_bull': 30.0, 'parametreperf_bear': 15.0, 'parametrepvo2': -18.0, 'parametreadxv_bull': -0.5, 'parametreadxv_bear': -0.5, 'parametretrix_histo_bull': 0.0, 'parametretrix_histo_bear': 0.0, 'parametrestoch_rsi_bull': 0.85, 'parametrestoch_rsi_bear': 0.87, 'parametrestoch_rsi2_bull': 0.22, 'parametrestoch_rsi2_bear': 0.23, 'parametretrix_histo2_bull': 0.0, 'parametretrix_histo2_bear': 0.02}}"
11,122.62568222984676,1617,55.68,242.0,"['DEFAULT', 'params', 'CONFIGS', 'STRATEGIE', 'FICHIER.HISTORIQUE']","{'params': {'tpmultiplicator': 0.25, 'slmultiplicator': 1.5, 'trixlength': 8.0, 'trixsignal': 22.0, 'rsi_windows': 14.0, 'bb_windows_bull': 45.0, 'bb_windows_dev_bull': 1.2, 'bb_windows_bear': 44.0, 'bb_windows_dev_bear': 2.0, 'parametrepvo_bear': 8.0, 'parametrepvo_bull': 10.0, 'parametreperf_bull': 30.0, 'parametreperf_bear': 15.0, 'parametrepvo2': -18.0, 'parametreadxv_bull': -0.5, 'parametreadxv_bear': -0.5, 'parametretrix_histo_bull': 0.0, 'parametretrix_histo_bear': 0.0, 'parametrestoch_rsi_bull': 0.85, 'parametrestoch_rsi_bear': 0.87, 'parametrestoch_rsi2_bull': 0.22, 'parametrestoch_rsi2_bear': 0.23, 'parametretrix_histo2_bull': 0.0, 'parametretrix_histo2_bear': 0.02}}"
10,122.62568222984676,1617,55.68,242.0,"['DEFAULT', 'params', 'CONFIGS', 'STRATEGIE', 'FICHIER.HISTORIQUE']","{'params': {'tpmultiplicator': 0.25, 'slmultiplicator': 1.25, 'trixlength': 8.0, 'trixsignal': 22.0, 'rsi_windows': 14.0, 'bb_windows_bull': 45.0, 'bb_windows_dev_bull': 1.2, 'bb_windows_bear': 44.0, 'bb_windows_dev_bear': 2.0, 'parametrepvo_bear': 8.0, 'parametrepvo_bull': 10.0, 'parametreperf_bull': 30.0, 'parametreperf_bear': 15.0, 'parametrepvo2': -18.0, 'parametreadxv_bull': -0.5, 'parametreadxv_bear': -0.5, 'parametretrix_histo_bull': 0.0, 'parametretrix_histo_bear': 0.0, 'parametrestoch_rsi_bull': 0.85, 'parametrestoch_rsi_bear': 0.87, 'parametrestoch_rsi2_bull': 0.22, 'parametrestoch_rsi2_bear': 0.23, 'parametretrix_histo2_bull': 0.0, 'parametretrix_histo2_bear': 0.02}}"
9,122.62568222984676,1617,55.68,242.0,"['DEFAULT', 'params', 'CONFIGS', 'STRATEGIE', 'FICHIER.HISTORIQUE']","{'params': {'tpmultiplicator': 0.25, 'slmultiplicator': 1.0, 'trixlength': 8.0, 'trixsignal': 22.0, 'rsi_windows': 14.0, 'bb_windows_bull': 45.0, 'bb_windows_dev_bull': 1.2, 'bb_windows_bear': 44.0, 'bb_windows_dev_bear': 2.0, 'parametrepvo_bear': 8.0, 'parametrepvo_bull': 10.0, 'parametreperf_bull': 30.0, 'parametreperf_bear': 15.0, 'parametrepvo2': -18.0, 'parametreadxv_bull': -0.5, 'parametreadxv_bear': -0.5, 'parametretrix_histo_bull': 0.0, 'parametretrix_histo_bear': 0.0, 'parametrestoch_rsi_bull': 0.85, 'parametrestoch_rsi_bear': 0.87, 'parametrestoch_rsi2_bull': 0.22, 'parametrestoch_rsi2_bear': 0.23, 'parametretrix_histo2_bull': 0.0, 'parametretrix_histo2_bear': 0.02}}"
8,122.62568222984676,1617,55.68,242.0,"['DEFAULT', 'params', 'CONFIGS', 'STRATEGIE', 'FICHIER.HISTORIQUE']","{'params': {'tpmultiplicator': 0.25, 'slmultiplicator': 0.75, 'trixlength': 8.0, 'trixsignal': 22.0, 'rsi_windows': 14.0, 'bb_windows_bull': 45.0, 'bb_windows_dev_bull': 1.2, 'bb_windows_bear': 44.0, 'bb_windows_dev_bear': 2.0, 'parametrepvo_bear': 8.0, 'parametrepvo_bull': 10.0, 'parametreperf_bull': 30.0, 'parametreperf_bear': 15.0, 'parametrepvo2': -18.0, 'parametreadxv_bull': -0.5, 'parametreadxv_bear': -0.5, 'parametretrix_histo_bull': 0.0, 'parametretrix_histo_bear': 0.0, 'parametrestoch_rsi_bull': 0.85, 'parametrestoch_rsi_bear': 0.87, 'parametrestoch_rsi2_bull': 0.22, 'parametrestoch_rsi2_bear': 0.23, 'parametretrix_histo2_bull': 0.0, 'parametretrix_histo2_bear': 0.02}}"
34,122.4026839207401,666,52.1,242.0,"['DEFAULT', 'params', 'CONFIGS', 'STRATEGIE', 'FICHIER.HISTORIQUE']","{'params': {'tpmultiplicator': 2.3000000000000007, 'slmultiplicator': 0.1, 'trixlength': 6.0, 'trixsignal': 14.0, 'rsi_windows': 10.0, 'bb_windows_bull': 45.0, 'bb_windows_dev_bull': 1.2, 'bb_windows_bear': 44.0, 'bb_windows_dev_bear': 2.0, 'parametrepvo_bear': 8.0, 'parametrepvo_bull': 10.0, 'parametreperf_bull': 30.0, 'parametreperf_bear': 15.0, 'parametrepvo2': -18.0, 'parametreadxv_bull': -0.5, 'parametreadxv_bear': -0.5, 'parametretrix_histo_bull': 0.0, 'parametretrix_histo_bear': 0.0, 'parametrestoch_rsi_bull': 0.85, 'parametrestoch_rsi_bear': 0.87, 'parametrestoch_rsi2_bull': 0.22, 'parametrestoch_rsi2_bear': 0.23, 'parametretrix_histo2_bull': 0.0, 'parametretrix_histo2_bear': 0.02}}"
16,122.11572740461449,1309,52.45,242.0,"['DEFAULT', 'params', 'CONFIGS', 'STRATEGIE', 'FICHIER.HISTORIQUE']","{'params': {'tpmultiplicator': 0.5, 'slmultiplicator': 0.1, 'trixlength': 6.0, 'trixsignal': 14.0, 'rsi_windows': 10.0, 'bb_windows_bull': 45.0, 'bb_windows_dev_bull': 1.2, 'bb_windows_bear': 44.0, 'bb_windows_dev_bear': 2.0, 'parametrepvo_bear': 8.0, 'parametrepvo_bull': 10.0, 'parametreperf_bull': 30.0, 'parametreperf_bear': 15.0, 'parametrepvo2': -18.0, 'parametreadxv_bull': -0.5, 'parametreadxv_bear': -0.5, 'parametretrix_histo_bull': 0.0, 'parametretrix_histo_bear': 0.0, 'parametrestoch_rsi_bull': 0.85, 'parametrestoch_rsi_bear': 0.87, 'parametrestoch_rsi2_bull': 0.22, 'parametrestoch_rsi2_bear': 0.23, 'parametretrix_histo2_bull': 0.0, 'parametretrix_histo2_bear': 0.02}}"
7,121.86194289498376,1618,55.96,242.0,"['DEFAULT', 'params', 'CONFIGS', 'STRATEGIE', 'FICHIER.HISTORIQUE']","{'params': {'tpmultiplicator': 0.25, 'slmultiplicator': 0.5, 'trixlength': 8.0, 'trixsignal': 22.0, 'rsi_windows': 14.0, 'bb_windows_bull': 45.0, 'bb_windows_dev_bull': 1.2, 'bb_windows_bear': 44.0, 'bb_windows_dev_bear': 2.0, 'parametrepvo_bear': 8.0, 'parametrepvo_bull': 10.0, 'parametreperf_bull': 30.0, 'parametreperf_bear': 15.0, 'parametrepvo2': -18.0, 'parametreadxv_bull': -0.5, 'parametreadxv_bear': -0.5, 'parametretrix_histo_bull': 0.0, 'parametretrix_histo_bear': 0.0, 'parametrestoch_rsi_bull': 0.85, 'parametrestoch_rsi_bear': 0.87, 'parametrestoch_rsi2_bull': 0.22, 'parametrestoch_rsi2_bear': 0.23, 'parametretrix_histo2_bull': 0.0, 'parametretrix_histo2_bear': 0.02}}"
40,121.22934536008212,624,54.68,242.0,"['DEFAULT', 'params', 'CONFIGS', 'STRATEGIE', 'FICHIER.HISTORIQUE']","{'params': {'tpmultiplicator': 2.9000000000000012, 'slmultiplicator': 0.1, 'trixlength': 6.0, 'trixsignal': 14.0, 'rsi_windows': 10.0, 'bb_windows_bull': 45.0, 'bb_windows_dev_bull': 1.2, 'bb_windows_bear': 44.0, 'bb_windows_dev_bear': 2.0, 'parametrepvo_bear': 8.0, 'parametrepvo_bull': 10.0, 'parametreperf_bull': 30.0, 'parametreperf_bear': 15.0, 'parametrepvo2': -18.0, 'parametreadxv_bull': -0.5, 'parametreadxv_bear': -0.5, 'parametretrix_histo_bull': 0.0, 'parametretrix_histo_bear': 0.0, 'parametrestoch_rsi_bull': 0.85, 'parametrestoch_rsi_bear': 0.87, 'parametrestoch_rsi2_bull': 0.22, 'parametrestoch_rsi2_bear': 0.23, 'parametretrix_histo2_bull': 0.0, 'parametretrix_histo2_bear': 0.02}}"
35,121.19225389362548,658,52.78,242.0,"['DEFAULT', 'params', 'CONFIGS', 'STRATEGIE', 'FICHIER.HISTORIQUE']","{'params': {'tpmultiplicator': 2.400000000000001, 'slmultiplicator': 0.1, 'trixlength': 6.0, 'trixsignal': 14.0, 'rsi_windows': 10.0, 'bb_windows_bull': 45.0, 'bb_windows_dev_bull': 1.2, 'bb_windows_bear': 44.0, 'bb_windows_dev_bear': 2.0, 'parametrepvo_bear': 8.0, 'parametrepvo_bull': 10.0, 'parametreperf_bull': 30.0, 'parametreperf_bear': 15.0, 'parametrepvo2': -18.0, 'parametreadxv_bull': -0.5, 'parametreadxv_bear': -0.5, 'parametretrix_histo_bull': 0.0, 'parametretrix_histo_bear': 0.0, 'parametrestoch_rsi_bull': 0.85, 'parametrestoch_rsi_bear': 0.87, 'parametrestoch_rsi2_bull': 0.22, 'parametrestoch_rsi2_bear': 0.23, 'parametretrix_histo2_bull': 0.0, 'parametretrix_histo2_bear': 0.02}}"
33,120.8417991066933,675,52.36,242.0,"['DEFAULT', 'params', 'CONFIGS', 'STRATEGIE', 'FICHIER.HISTORIQUE']","{'params': {'tpmultiplicator': 2.2000000000000006, 'slmultiplicator': 0.1, 'trixlength': 6.0, 'trixsignal': 14.0, 'rsi_windows': 10.0, 'bb_windows_bull': 45.0, 'bb_windows_dev_bull': 1.2, 'bb_windows_bear': 44.0, 'bb_windows_dev_bear': 2.0, 'parametrepvo_bear': 8.0, 'parametrepvo_bull': 10.0, 'parametreperf_bull': 30.0, 'parametreperf_bear': 15.0, 'parametrepvo2': -18.0, 'parametreadxv_bull': -0.5, 'parametreadxv_bear': -0.5, 'parametretrix_histo_bull': 0.0, 'parametretrix_histo_bear': 0.0, 'parametrestoch_rsi_bull': 0.85, 'parametrestoch_rsi_bear': 0.87, 'parametrestoch_rsi2_bull': 0.22, 'parametrestoch_rsi2_bear': 0.23, 'parametretrix_histo2_bull': 0.0, 'parametretrix_histo2_bear': 0.02}}"
26,117.30916282956045,754,52.4,242.0,"['DEFAULT', 'params', 'CONFIGS', 'STRATEGIE', 'FICHIER.HISTORIQUE']","{'params': {'tpmultiplicator': 1.5000000000000002, 'slmultiplicator': 0.1, 'trixlength': 6.0, 'trixsignal': 14.0, 'rsi_windows': 10.0, 'bb_windows_bull': 45.0, 'bb_windows_dev_bull': 1.2, 'bb_windows_bear': 44.0, 'bb_windows_dev_bear': 2.0, 'parametrepvo_bear': 8.0, 'parametrepvo_bull': 10.0, 'parametreperf_bull': 30.0, 'parametreperf_bear': 15.0, 'parametrepvo2': -18.0, 'parametreadxv_bull': -0.5, 'parametreadxv_bear': -0.5, 'parametretrix_histo_bull': 0.0, 'parametretrix_histo_bear': 0.0, 'parametrestoch_rsi_bull': 0.85, 'parametrestoch_rsi_bear': 0.87, 'parametrestoch_rsi2_bull': 0.22, 'parametrestoch_rsi2_bear': 0.23, 'parametretrix_histo2_bull': 0.0, 'parametretrix_histo2_bear': 0.02}}"
27,117.03710083569683,740,52.65,242.0,"['DEFAULT', 'params', 'CONFIGS', 'STRATEGIE', 'FICHIER.HISTORIQUE']","{'params': {'tpmultiplicator': 1.6000000000000003, 'slmultiplicator': 0.1, 'trixlength': 6.0, 'trixsignal': 14.0, 'rsi_windows': 10.0, 'bb_windows_bull': 45.0, 'bb_windows_dev_bull': 1.2, 'bb_windows_bear': 44.0, 'bb_windows_dev_bear': 2.0, 'parametrepvo_bear': 8.0, 'parametrepvo_bull': 10.0, 'parametreperf_bull': 30.0, 'parametreperf_bear': 15.0, 'parametrepvo2': -18.0, 'parametreadxv_bull': -0.5, 'parametreadxv_bear': -0.5, 'parametretrix_histo_bull': 0.0, 'parametretrix_histo_bear': 0.0, 'parametrestoch_rsi_bull': 0.85, 'parametrestoch_rsi_bear': 0.87, 'parametrestoch_rsi2_bull': 0.22, 'parametrestoch_rsi2_bear': 0.23, 'parametretrix_histo2_bull': 0.0, 'parametretrix_histo2_bear': 0.02}}"
36,117.00945333235649,642,54.54,242.0,"['DEFAULT', 'params', 'CONFIGS', 'STRATEGIE', 'FICHIER.HISTORIQUE']","{'params': {'tpmultiplicator': 2.500000000000001, 'slmultiplicator': 0.1, 'trixlength': 6.0, 'trixsignal': 14.0, 'rsi_windows': 10.0, 'bb_windows_bull': 45.0, 'bb_windows_dev_bull': 1.2, 'bb_windows_bear': 44.0, 'bb_windows_dev_bear': 2.0, 'parametrepvo_bear': 8.0, 'parametrepvo_bull': 10.0, 'parametreperf_bull': 30.0, 'parametreperf_bear': 15.0, 'parametrepvo2': -18.0, 'parametreadxv_bull': -0.5, 'parametreadxv_bear': -0.5, 'parametretrix_histo_bull': 0.0, 'parametretrix_histo_bear': 0.0, 'parametrestoch_rsi_bull': 0.85, 'parametrestoch_rsi_bear': 0.87, 'parametrestoch_rsi2_bull': 0.22, 'parametrestoch_rsi2_bear': 0.23, 'parametretrix_histo2_bull': 0.0, 'parametretrix_histo2_bear': 0.02}}"
1,116.05579456025735,1637,57.64,242.0,"['DEFAULT', 'params', 'CONFIGS', 'STRATEGIE', 'FICHIER.HISTORIQUE']","{'params': {'tpmultiplicator': 0.25, 'slmultiplicator': 0.25, 'trixlength': 8.0, 'trixsignal': 22.0, 'rsi_windows': 14.0, 'bb_windows_bull': 45.0, 'bb_windows_dev_bull': 1.2, 'bb_windows_bear': 44.0, 'bb_windows_dev_bear': 2.0, 'parametrepvo_bear': 8.0, 'parametrepvo_bull': 10.0, 'parametreperf_bull': 30.0, 'parametreperf_bear': 15.0, 'parametrepvo2': -18.0, 'parametreadxv_bull': -0.5, 'parametreadxv_bear': -0.5, 'parametretrix_histo_bull': 0.0, 'parametretrix_histo_bear': 0.0, 'parametrestoch_rsi_bull': 0.85, 'parametrestoch_rsi_bear': 0.87, 'parametrestoch_rsi2_bull': 0.22, 'parametrestoch_rsi2_bear': 0.23, 'parametretrix_histo2_bull': 0.0, 'parametretrix_histo2_bear': 0.02}}"
15,114.99851228251345,1505,55.19,242.0,"['DEFAULT', 'params', 'CONFIGS', 'STRATEGIE', 'FICHIER.HISTORIQUE']","{'params': {'tpmultiplicator': 0.4, 'slmultiplicator': 0.1, 'trixlength': 6.0, 'trixsignal': 14.0, 'rsi_windows': 10.0, 'bb_windows_bull': 45.0, 'bb_windows_dev_bull': 1.2, 'bb_windows_bear': 44.0, 'bb_windows_dev_bear': 2.0, 'parametrepvo_bear': 8.0, 'parametrepvo_bull': 10.0, 'parametreperf_bull': 30.0, 'parametreperf_bear': 15.0, 'parametrepvo2': -18.0, 'parametreadxv_bull': -0.5, 'parametreadxv_bear': -0.5, 'parametretrix_histo_bull': 0.0, 'parametretrix_histo_bear': 0.0, 'parametrestoch_rsi_bull': 0.85, 'parametrestoch_rsi_bear': 0.87, 'parametrestoch_rsi2_bull': 0.22, 'parametrestoch_rsi2_bear': 0.23, 'parametretrix_histo2_bull': 0.0, 'parametretrix_histo2_bear': 0.02}}"
14,94.81579633725124,1738,62.46,242.0,"['DEFAULT', 'params', 'CONFIGS', 'STRATEGIE', 'FICHIER.HISTORIQUE']","{'params': {'tpmultiplicator': 0.30000000000000004, 'slmultiplicator': 0.1, 'trixlength': 6.0, 'trixsignal': 14.0, 'rsi_windows': 10.0, 'bb_windows_bull': 45.0, 'bb_windows_dev_bull': 1.2, 'bb_windows_bear': 44.0, 'bb_windows_dev_bear': 2.0, 'parametrepvo_bear': 8.0, 'parametrepvo_bull': 10.0, 'parametreperf_bull': 30.0, 'parametreperf_bear': 15.0, 'parametrepvo2': -18.0, 'parametreadxv_bull': -0.5, 'parametreadxv_bear': -0.5, 'parametretrix_histo_bull': 0.0, 'parametretrix_histo_bear': 0.0, 'parametrestoch_rsi_bull': 0.85, 'parametrestoch_rsi_bear': 0.87, 'parametrestoch_rsi2_bull': 0.22, 'parametrestoch_rsi2_bear': 0.23, 'parametretrix_histo2_bull': 0.0, 'parametretrix_histo2_bear': 0.02}}"
13,82.41281864457143,2068,66.96,242.0,"['DEFAULT', 'params', 'CONFIGS', 'STRATEGIE', 'FICHIER.HISTORIQUE']","{'params': {'tpmultiplicator': 0.2, 'slmultiplicator': 0.1, 'trixlength': 6.0, 'trixsignal': 14.0, 'rsi_windows': 10.0, 'bb_windows_bull': 45.0, 'bb_windows_dev_bull': 1.2, 'bb_windows_bear': 44.0, 'bb_windows_dev_bear': 2.0, 'parametrepvo_bear': 8.0, 'parametrepvo_bull': 10.0, 'parametreperf_bull': 30.0, 'parametreperf_bear': 15.0, 'parametrepvo2': -18.0, 'parametreadxv_bull': -0.5, 'parametreadxv_bear': -0.5, 'parametretrix_histo_bull': 0.0, 'parametretrix_histo_bear': 0.0, 'parametrestoch_rsi_bull': 0.85, 'parametrestoch_rsi_bear': 0.87, 'parametrestoch_rsi2_bull': 0.22, 'parametrestoch_rsi2_bear': 0.23, 'parametretrix_histo2_bull': 0.0, 'parametretrix_histo2_bear': 0.02}}"
43,80.8049739083248,2402,67.1,242.0,"['DEFAULT', 'params', 'CONFIGS', 'STRATEGIE', 'FICHIER.HISTORIQUE']","{'params': {'tpmultiplicator': 0.1, 'slmultiplicator': 0.4, 'trixlength': 6.0, 'trixsignal': 14.0, 'rsi_windows': 10.0, 'bb_windows_bull': 45.0, 'bb_windows_dev_bull': 1.2, 'bb_windows_bear': 44.0, 'bb_windows_dev_bear': 2.0, 'parametrepvo_bear': 8.0, 'parametrepvo_bull': 10.0, 'parametreperf_bull': 30.0, 'parametreperf_bear': 15.0, 'parametrepvo2': -18.0, 'parametreadxv_bull': -0.5, 'parametreadxv_bear': -0.5, 'parametretrix_histo_bull': 0.0, 'parametretrix_histo_bear': 0.0, 'parametrestoch_rsi_bull': 0.85, 'parametrestoch_rsi_bear': 0.87, 'parametrestoch_rsi2_bull': 0.22, 'parametrestoch_rsi2_bear': 0.23, 'parametretrix_histo2_bull': 0.0, 'parametretrix_histo2_bear': 0.02}}"
49,80.4414198586427,2400,67.25,242.0,"['DEFAULT', 'params', 'CONFIGS', 'STRATEGIE', 'FICHIER.HISTORIQUE']","{'params': {'tpmultiplicator': 0.1, 'slmultiplicator': 0.9999999999999999, 'trixlength': 6.0, 'trixsignal': 14.0, 'rsi_windows': 10.0, 'bb_windows_bull': 45.0, 'bb_windows_dev_bull': 1.2, 'bb_windows_bear': 44.0, 'bb_windows_dev_bear': 2.0, 'parametrepvo_bear': 8.0, 'parametrepvo_bull': 10.0, 'parametreperf_bull': 30.0, 'parametreperf_bear': 15.0, 'parametrepvo2': -18.0, 'parametreadxv_bull': -0.5, 'parametreadxv_bear': -0.5, 'parametretrix_histo_bull': 0.0, 'parametretrix_histo_bear': 0.0, 'parametrestoch_rsi_bull': 0.85, 'parametrestoch_rsi_bear': 0.87, 'parametrestoch_rsi2_bull': 0.22, 'parametrestoch_rsi2_bear': 0.23, 'parametretrix_histo2_bull': 0.0, 'parametretrix_histo2_bear': 0.02}}"
48,80.4414198586427,2400,67.25,242.0,"['DEFAULT', 'params', 'CONFIGS', 'STRATEGIE', 'FICHIER.HISTORIQUE']","{'params': {'tpmultiplicator': 0.1, 'slmultiplicator': 0.8999999999999999, 'trixlength': 6.0, 'trixsignal': 14.0, 'rsi_windows': 10.0, 'bb_windows_bull': 45.0, 'bb_windows_dev_bull': 1.2, 'bb_windows_bear': 44.0, 'bb_windows_dev_bear': 2.0, 'parametrepvo_bear': 8.0, 'parametrepvo_bull': 10.0, 'parametreperf_bull': 30.0, 'parametreperf_bear': 15.0, 'parametrepvo2': -18.0, 'parametreadxv_bull': -0.5, 'parametreadxv_bear': -0.5, 'parametretrix_histo_bull': 0.0, 'parametretrix_histo_bear': 0.0, 'parametrestoch_rsi_bull': 0.85, 'parametrestoch_rsi_bear': 0.87, 'parametrestoch_rsi2_bull': 0.22, 'parametrestoch_rsi2_bear': 0.23, 'parametretrix_histo2_bull': 0.0, 'parametretrix_histo2_bear': 0.02}}"
44,79.33553985758836,2402,67.7,242.0,"['DEFAULT', 'params', 'CONFIGS', 'STRATEGIE', 'FICHIER.HISTORIQUE']","{'params': {'tpmultiplicator': 0.1, 'slmultiplicator': 0.5, 'trixlength': 6.0, 'trixsignal': 14.0, 'rsi_windows': 10.0, 'bb_windows_bull': 45.0, 'bb_windows_dev_bull': 1.2, 'bb_windows_bear': 44.0, 'bb_windows_dev_bear': 2.0, 'parametrepvo_bear': 8.0, 'parametrepvo_bull': 10.0, 'parametreperf_bull': 30.0, 'parametreperf_bear': 15.0, 'parametrepvo2': -18.0, 'parametreadxv_bull': -0.5, 'parametreadxv_bear': -0.5, 'parametretrix_histo_bull': 0.0, 'parametretrix_histo_bear': 0.0, 'parametrestoch_rsi_bull': 0.85, 'parametrestoch_rsi_bear': 0.87, 'parametrestoch_rsi2_bull': 0.22, 'parametrestoch_rsi2_bear': 0.23, 'parametretrix_histo2_bull': 0.0, 'parametretrix_histo2_bear': 0.02}}"
45,78.27654741762359,2402,68.13,242.0,"['DEFAULT', 'params', 'CONFIGS', 'STRATEGIE', 'FICHIER.HISTORIQUE']","{'params': {'tpmultiplicator': 0.1, 'slmultiplicator': 0.6, 'trixlength': 6.0, 'trixsignal': 14.0, 'rsi_windows': 10.0, 'bb_windows_bull': 45.0, 'bb_windows_dev_bull': 1.2, 'bb_windows_bear': 44.0, 'bb_windows_dev_bear': 2.0, 'parametrepvo_bear': 8.0, 'parametrepvo_bull': 10.0, 'parametreperf_bull': 30.0, 'parametreperf_bear': 15.0, 'parametrepvo2': -18.0, 'parametreadxv_bull': -0.5, 'parametreadxv_bear': -0.5, 'parametretrix_histo_bull': 0.0, 'parametretrix_histo_bear': 0.0, 'parametrestoch_rsi_bull': 0.85, 'parametrestoch_rsi_bear': 0.87, 'parametrestoch_rsi2_bull': 0.22, 'parametrestoch_rsi2_bear': 0.23, 'parametretrix_histo2_bull': 0.0, 'parametretrix_histo2_bear': 0.02}}"
46,77.21755497765892,2402,68.56,242.0,"['DEFAULT', 'params', 'CONFIGS', 'STRATEGIE', 'FICHIER.HISTORIQUE']","{'params': {'tpmultiplicator': 0.1, 'slmultiplicator': 0.7, 'trixlength': 6.0, 'trixsignal': 14.0, 'rsi_windows': 10.0, 'bb_windows_bull': 45.0, 'bb_windows_dev_bull': 1.2, 'bb_windows_bear': 44.0, 'bb_windows_dev_bear': 2.0, 'parametrepvo_bear': 8.0, 'parametrepvo_bull': 10.0, 'parametreperf_bull': 30.0, 'parametreperf_bear': 15.0, 'parametrepvo2': -18.0, 'parametreadxv_bull': -0.5, 'parametreadxv_bear': -0.5, 'parametretrix_histo_bull': 0.0, 'parametretrix_histo_bear': 0.0, 'parametrestoch_rsi_bull': 0.85, 'parametrestoch_rsi_bear': 0.87, 'parametrestoch_rsi2_bull': 0.22, 'parametrestoch_rsi2_bear': 0.23, 'parametretrix_histo2_bull': 0.0, 'parametretrix_histo2_bear': 0.02}}"
47,76.15856253769418,2402,68.99,242.0,"['DEFAULT', 'params', 'CONFIGS', 'STRATEGIE', 'FICHIER.HISTORIQUE']","{'params': {'tpmultiplicator': 0.1, 'slmultiplicator': 0.7999999999999999, 'trixlength': 6.0, 'trixsignal': 14.0, 'rsi_windows': 10.0, 'bb_windows_bull': 45.0, 'bb_windows_dev_bull': 1.2, 'bb_windows_bear': 44.0, 'bb_windows_dev_bear': 2.0, 'parametrepvo_bear': 8.0, 'parametrepvo_bull': 10.0, 'parametreperf_bull': 30.0, 'parametreperf_bear': 15.0, 'parametrepvo2': -18.0, 'parametreadxv_bull': -0.5, 'parametreadxv_bear': -0.5, 'parametretrix_histo_bull': 0.0, 'parametretrix_histo_bear': 0.0, 'parametrestoch_rsi_bull': 0.85, 'parametrestoch_rsi_bear': 0.87, 'parametrestoch_rsi2_bull': 0.22, 'parametrestoch_rsi2_bear': 0.23, 'parametretrix_histo2_bull': 0.0, 'parametretrix_histo2_bear': 0.02}}"
60,72.53067194573765,2420,70.21,242.0,"['DEFAULT', 'params', 'CONFIGS', 'STRATEGIE', 'FICHIER.HISTORIQUE']","{'params': {'tpmultiplicator': 0.1, 'slmultiplicator': 0.1, 'trixlength': 6.0, 'trixsignal': 14.0, 'rsi_windows': 30.0, 'bb_windows_bull': 45.0, 'bb_windows_dev_bull': 1.2, 'bb_windows_bear': 44.0, 'bb_windows_dev_bear': 2.0, 'parametrepvo_bear': 8.0, 'parametrepvo_bull': 10.0, 'parametreperf_bull': 30.0, 'parametreperf_bear': 15.0, 'parametrepvo2': -18.0, 'parametreadxv_bull': -0.5, 'parametreadxv_bear': -0.5, 'parametretrix_histo_bull': 0.0, 'parametretrix_histo_bear': 0.0, 'parametrestoch_rsi_bull': 0.85, 'parametrestoch_rsi_bear': 0.87, 'parametrestoch_rsi2_bull': 0.22, 'parametrestoch_rsi2_bear': 0.23, 'parametretrix_histo2_bull': 0.0, 'parametretrix_histo2_bear': 0.02}}"
41,72.45359056760535,2415,70.5,242.0,"['DEFAULT', 'params', 'CONFIGS', 'STRATEGIE', 'FICHIER.HISTORIQUE']","{'params': {'tpmultiplicator': 0.1, 'slmultiplicator': 0.2, 'trixlength': 6.0, 'trixsignal': 14.0, 'rsi_windows': 10.0, 'bb_windows_bull': 45.0, 'bb_windows_dev_bull': 1.2, 'bb_windows_bear': 44.0, 'bb_windows_dev_bear': 2.0, 'parametrepvo_bear': 8.0, 'parametrepvo_bull': 10.0, 'parametreperf_bull': 30.0, 'parametreperf_bear': 15.0, 'parametrepvo2': -18.0, 'parametreadxv_bull': -0.5, 'parametreadxv_bear': -0.5, 'parametretrix_histo_bull': 0.0, 'parametretrix_histo_bear': 0.0, 'parametrestoch_rsi_bull': 0.85, 'parametrestoch_rsi_bear': 0.87, 'parametrestoch_rsi2_bull': 0.22, 'parametrestoch_rsi2_bear': 0.23, 'parametretrix_histo2_bull': 0.0, 'parametretrix_histo2_bear': 0.02}}"
57,71.77036111919364,2518,70.41,242.0,"['DEFAULT', 'params', 'CONFIGS', 'STRATEGIE', 'FICHIER.HISTORIQUE']","{'params': {'tpmultiplicator': 0.1, 'slmultiplicator': 0.1, 'trixlength': 6.0, 'trixsignal': 14.0, 'rsi_windows': 15.0, 'bb_windows_bull': 45.0, 'bb_windows_dev_bull': 1.2, 'bb_windows_bear': 44.0, 'bb_windows_dev_bear': 2.0, 'parametrepvo_bear': 8.0, 'parametrepvo_bull': 10.0, 'parametreperf_bull': 30.0, 'parametreperf_bear': 15.0, 'parametrepvo2': -18.0, 'parametreadxv_bull': -0.5, 'parametreadxv_bear': -0.5, 'parametretrix_histo_bull': 0.0, 'parametretrix_histo_bear': 0.0, 'parametrestoch_rsi_bull': 0.85, 'parametrestoch_rsi_bear': 0.87, 'parametrestoch_rsi2_bull': 0.22, 'parametrestoch_rsi2_bear': 0.23, 'parametretrix_histo2_bull': 0.0, 'parametretrix_histo2_bear': 0.02}}"
58,71.30195686823706,2387,70.97,242.0,"['DEFAULT', 'params', 'CONFIGS', 'STRATEGIE', 'FICHIER.HISTORIQUE']","{'params': {'tpmultiplicator': 0.1, 'slmultiplicator': 0.1, 'trixlength': 6.0, 'trixsignal': 14.0, 'rsi_windows': 20.0, 'bb_windows_bull': 45.0, 'bb_windows_dev_bull': 1.2, 'bb_windows_bear': 44.0, 'bb_windows_dev_bear': 2.0, 'parametrepvo_bear': 8.0, 'parametrepvo_bull': 10.0, 'parametreperf_bull': 30.0, 'parametreperf_bear': 15.0, 'parametrepvo2': -18.0, 'parametreadxv_bull': -0.5, 'parametreadxv_bear': -0.5, 'parametretrix_histo_bull': 0.0, 'parametretrix_histo_bear': 0.0, 'parametrestoch_rsi_bull': 0.85, 'parametrestoch_rsi_bear': 0.87, 'parametrestoch_rsi2_bull': 0.22, 'parametrestoch_rsi2_bear': 0.23, 'parametretrix_histo2_bull': 0.0, 'parametretrix_histo2_bear': 0.02}}"
42,69.70394509943155,2406,71.62,242.0,"['DEFAULT', 'params', 'CONFIGS', 'STRATEGIE', 'FICHIER.HISTORIQUE']","{'params': {'tpmultiplicator': 0.1, 'slmultiplicator': 0.30000000000000004, 'trixlength': 6.0, 'trixsignal': 14.0, 'rsi_windows': 10.0, 'bb_windows_bull': 45.0, 'bb_windows_dev_bull': 1.2, 'bb_windows_bear': 44.0, 'bb_windows_dev_bear': 2.0, 'parametrepvo_bear': 8.0, 'parametrepvo_bull': 10.0, 'parametreperf_bull': 30.0, 'parametreperf_bear': 15.0, 'parametrepvo2': -18.0, 'parametreadxv_bull': -0.5, 'parametreadxv_bear': -0.5, 'parametretrix_histo_bull': 0.0, 'parametretrix_histo_bear': 0.0, 'parametrestoch_rsi_bull': 0.85, 'parametrestoch_rsi_bear': 0.87, 'parametrestoch_rsi2_bull': 0.22, 'parametrestoch_rsi2_bear': 0.23, 'parametretrix_histo2_bull': 0.0, 'parametretrix_histo2_bear': 0.02}}"
56,69.36913823090535,2569,71.77,242.0,"['DEFAULT', 'params', 'CONFIGS', 'STRATEGIE', 'FICHIER.HISTORIQUE']","{'params': {'tpmultiplicator': 0.1, 'slmultiplicator': 0.1, 'trixlength': 6.0, 'trixsignal': 26.0, 'rsi_windows': 10.0, 'bb_windows_bull': 45.0, 'bb_windows_dev_bull': 1.2, 'bb_windows_bear': 44.0, 'bb_windows_dev_bear': 2.0, 'parametrepvo_bear': 8.0, 'parametrepvo_bull': 10.0, 'parametreperf_bull': 30.0, 'parametreperf_bear': 15.0, 'parametrepvo2': -18.0, 'parametreadxv_bull': -0.5, 'parametreadxv_bear': -0.5, 'parametretrix_histo_bull': 0.0, 'parametretrix_histo_bear': 0.0, 'parametrestoch_rsi_bull': 0.85, 'parametrestoch_rsi_bear': 0.87, 'parametrestoch_rsi2_bull': 0.22, 'parametrestoch_rsi2_bear': 0.23, 'parametretrix_histo2_bull': 0.0, 'parametretrix_histo2_bear': 0.02}}"
51,69.00643817954527,2538,71.65,242.0,"['DEFAULT', 'params', 'CONFIGS', 'STRATEGIE', 'FICHIER.HISTORIQUE']","{'params': {'tpmultiplicator': 0.1, 'slmultiplicator': 0.1, 'trixlength': 10.0, 'trixsignal': 14.0, 'rsi_windows': 10.0, 'bb_windows_bull': 45.0, 'bb_windows_dev_bull': 1.2, 'bb_windows_bear': 44.0, 'bb_windows_dev_bear': 2.0, 'parametrepvo_bear': 8.0, 'parametrepvo_bull': 10.0, 'parametreperf_bull': 30.0, 'parametreperf_bear': 15.0, 'parametrepvo2': -18.0, 'parametreadxv_bull': -0.5, 'parametreadxv_bear': -0.5, 'parametretrix_histo_bull': 0.0, 'parametretrix_histo_bear': 0.0, 'parametrestoch_rsi_bull': 0.85, 'parametrestoch_rsi_bear': 0.87, 'parametrestoch_rsi2_bull': 0.22, 'parametrestoch_rsi2_bear': 0.23, 'parametretrix_histo2_bull': 0.0, 'parametretrix_histo2_bear': 0.02}}"
53,68.44655780893652,2501,71.76,242.0,"['DEFAULT', 'params', 'CONFIGS', 'STRATEGIE', 'FICHIER.HISTORIQUE']","{'params': {'tpmultiplicator': 0.1, 'slmultiplicator': 0.1, 'trixlength': 14.0, 'trixsignal': 14.0, 'rsi_windows': 10.0, 'bb_windows_bull': 45.0, 'bb_windows_dev_bull': 1.2, 'bb_windows_bear': 44.0, 'bb_windows_dev_bear': 2.0, 'parametrepvo_bear': 8.0, 'parametrepvo_bull': 10.0, 'parametreperf_bull': 30.0, 'parametreperf_bear': 15.0, 'parametrepvo2': -18.0, 'parametreadxv_bull': -0.5, 'parametreadxv_bear': -0.5, 'parametretrix_histo_bull': 0.0, 'parametretrix_histo_bear': 0.0, 'parametrestoch_rsi_bull': 0.85, 'parametrestoch_rsi_bear': 0.87, 'parametrestoch_rsi2_bull': 0.22, 'parametrestoch_rsi2_bear': 0.23, 'parametretrix_histo2_bull': 0.0, 'parametretrix_histo2_bear': 0.02}}"
52,67.70698709084147,2545,72.05,242.0,"['DEFAULT', 'params', 'CONFIGS', 'STRATEGIE', 'FICHIER.HISTORIQUE']","{'params': {'tpmultiplicator': 0.1, 'slmultiplicator': 0.1, 'trixlength': 12.0, 'trixsignal': 14.0, 'rsi_windows': 10.0, 'bb_windows_bull': 45.0, 'bb_windows_dev_bull': 1.2, 'bb_windows_bear': 44.0, 'bb_windows_dev_bear': 2.0, 'parametrepvo_bear': 8.0, 'parametrepvo_bull': 10.0, 'parametreperf_bull': 30.0, 'parametreperf_bear': 15.0, 'parametrepvo2': -18.0, 'parametreadxv_bull': -0.5, 'parametreadxv_bear': -0.5, 'parametretrix_histo_bull': 0.0, 'parametretrix_histo_bear': 0.0, 'parametrestoch_rsi_bull': 0.85, 'parametrestoch_rsi_bear': 0.87, 'parametrestoch_rsi2_bull': 0.22, 'parametrestoch_rsi2_bear': 0.23, 'parametretrix_histo2_bull': 0.0, 'parametretrix_histo2_bear': 0.02}}"
54,67.45955272742141,2602,72.36,242.0,"['DEFAULT', 'params', 'CONFIGS', 'STRATEGIE', 'FICHIER.HISTORIQUE']","{'params': {'tpmultiplicator': 0.1, 'slmultiplicator': 0.1, 'trixlength': 6.0, 'trixsignal': 18.0, 'rsi_windows': 10.0, 'bb_windows_bull': 45.0, 'bb_windows_dev_bull': 1.2, 'bb_windows_bear': 44.0, 'bb_windows_dev_bear': 2.0, 'parametrepvo_bear': 8.0, 'parametrepvo_bull': 10.0, 'parametreperf_bull': 30.0, 'parametreperf_bear': 15.0, 'parametrepvo2': -18.0, 'parametreadxv_bull': -0.5, 'parametreadxv_bear': -0.5, 'parametretrix_histo_bull': 0.0, 'parametretrix_histo_bear': 0.0, 'parametrestoch_rsi_bull': 0.85, 'parametrestoch_rsi_bear': 0.87, 'parametrestoch_rsi2_bull': 0.22, 'parametrestoch_rsi2_bear': 0.23, 'parametretrix_histo2_bull': 0.0, 'parametretrix_histo2_bear': 0.02}}"
55,66.98101390660925,2601,72.43,242.0,"['DEFAULT', 'params', 'CONFIGS', 'STRATEGIE', 'FICHIER.HISTORIQUE']","{'params': {'tpmultiplicator': 0.1, 'slmultiplicator': 0.1, 'trixlength': 6.0, 'trixsignal': 22.0, 'rsi_windows': 10.0, 'bb_windows_bull': 45.0, 'bb_windows_dev_bull': 1.2, 'bb_windows_bear': 44.0, 'bb_windows_dev_bear': 2.0, 'parametrepvo_bear': 8.0, 'parametrepvo_bull': 10.0, 'parametreperf_bull': 30.0, 'parametreperf_bear': 15.0, 'parametrepvo2': -18.0, 'parametreadxv_bull': -0.5, 'parametreadxv_bear': -0.5, 'parametretrix_histo_bull': 0.0, 'parametretrix_histo_bear': 0.0, 'parametrestoch_rsi_bull': 0.85, 'parametrestoch_rsi_bear': 0.87, 'parametrestoch_rsi2_bull': 0.22, 'parametrestoch_rsi2_bear': 0.23, 'parametretrix_histo2_bull': 0.0, 'parametretrix_histo2_bear': 0.02}}"
59,66.67073872910501,2395,72.64,242.0,"['DEFAULT', 'params', 'CONFIGS', 'STRATEGIE', 'FICHIER.HISTORIQUE']","{'params': {'tpmultiplicator': 0.1, 'slmultiplicator': 0.1, 'trixlength': 6.0, 'trixsignal': 14.0, 'rsi_windows': 25.0, 'bb_windows_bull': 45.0, 'bb_windows_dev_bull': 1.2, 'bb_windows_bear': 44.0, 'bb_windows_dev_bear': 2.0, 'parametrepvo_bear': 8.0, 'parametrepvo_bull': 10.0, 'parametreperf_bull': 30.0, 'parametreperf_bear': 15.0, 'parametrepvo2': -18.0, 'parametreadxv_bull': -0.5, 'parametreadxv_bear': -0.5, 'parametretrix_histo_bull': 0.0, 'parametretrix_histo_bear': 0.0, 'parametrestoch_rsi_bull': 0.85, 'parametrestoch_rsi_bear': 0.87, 'parametrestoch_rsi2_bull': 0.22, 'parametrestoch_rsi2_bear': 0.23, 'parametretrix_histo2_bull': 0.0, 'parametretrix_histo2_bear': 0.02}}"
50,62.490602251466896,2572,74.22,242.0,"['DEFAULT', 'params', 'CONFIGS', 'STRATEGIE', 'FICHIER.HISTORIQUE']","{'params': {'tpmultiplicator': 0.1, 'slmultiplicator': 0.1, 'trixlength': 8.0, 'trixsignal': 14.0, 'rsi_windows': 10.0, 'bb_windows_bull': 45.0, 'bb_windows_dev_bull': 1.2, 'bb_windows_bear': 44.0, 'bb_windows_dev_bear': 2.0, 'parametrepvo_bear': 8.0, 'parametrepvo_bull': 10.0, 'parametreperf_bull': 30.0, 'parametreperf_bear': 15.0, 'parametrepvo2': -18.0, 'parametreadxv_bull': -0.5, 'parametreadxv_bear': -0.5, 'parametretrix_histo_bull': 0.0, 'parametretrix_histo_bear': 0.0, 'parametrestoch_rsi_bull': 0.85, 'parametrestoch_rsi_bear': 0.87, 'parametrestoch_rsi2_bull': 0.22, 'parametrestoch_rsi2_bear': 0.23, 'parametretrix_histo2_bull': 0.0, 'parametretrix_histo2_bear': 0.02}}"
12,60.24161398526151,2545,75.3,242.0,"['DEFAULT', 'params', 'CONFIGS', 'STRATEGIE', 'FICHIER.HISTORIQUE']","{'params': {'tpmultiplicator': 0.1, 'slmultiplicator': 0.1, 'trixlength': 6.0, 'trixsignal': 14.0, 'rsi_windows': 10.0, 'bb_windows_bull': 45.0, 'bb_windows_dev_bull': 1.2, 'bb_windows_bear': 44.0, 'bb_windows_dev_bear': 2.0, 'parametrepvo_bear': 8.0, 'parametrepvo_bull': 10.0, 'parametreperf_bull': 30.0, 'parametreperf_bear': 15.0, 'parametrepvo2': -18.0, 'parametreadxv_bull': -0.5, 'parametreadxv_bear': -0.5, 'parametretrix_histo_bull': 0.0, 'parametretrix_histo_bear': 0.0, 'parametrestoch_rsi_bull': 0.85, 'parametrestoch_rsi_bear': 0.87, 'parametrestoch_rsi2_bull': 0.22, 'parametrestoch_rsi2_bear': 0.23, 'parametretrix_histo2_bull': 0.0, 'parametretrix_histo2_bear': 0.02}}"
0,0.0,0,0.0,1000.0,0,0
